{"city":{"id":7778677,"name":"Dublin City","coord":{"lon":-6.24922,"lat":53.355122},"country":"IE","population":0},"cod":"200","message":0.0082,"cnt":5,"list":[{"dt":1476792000,"temp":{"day":12.57,"min":11.18,"max":13.18,"night":11.18,"eve":12.45,"morn":11.32},"pressure":1030.18,"humidity":100,"weather":[{"id":800,"main":"Clear","description":"clear sky","icon":"01d"}],"speed":9.01,"deg":289,"clouds":0},{"dt":1476878400,"temp":{"day":12.23,"min":10.31,"max":12.85,"night":11.41,"eve":12.56,"morn":10.31},"pressure":1034.46,"humidity":100,"weather":[{"id":800,"main":"Clear","description":"clear sky","icon":"01d"}],"speed":5.81,"deg":336,"clouds":0},{"dt":1476964800,"temp":{"day":12.41,"min":10.23,"max":12.62,"night":11.22,"eve":12.18,"morn":10.23},"pressure":1033.89,"humidity":100,"weather":[{"id":800,"main":"Clear","description":"clear sky","icon":"02d"}],"speed":2.28,"deg":6,"clouds":8},{"dt":1477051200,"temp":{"day":12.79,"min":9.56,"max":12.79,"night":10.18,"eve":11.34,"morn":9.56},"pressure":1031.29,"humidity":0,"weather":[{"id":500,"main":"Rain","description":"light rain","icon":"10d"}],"speed":1.52,"deg":90,"clouds":25,"rain":0.37},{"dt":1477137600,"temp":{"day":13.26,"min":9.37,"max":13.26,"night":11.49,"eve":12.26,"morn":9.37},"pressure":1027.39,"humidity":0,"weather":[{"id":500,"main":"Rain","description":"light rain","icon":"10d"}],"speed":4.24,"deg":162,"clouds":19,"rain":0.89}]}