{"cod":"200","message":0.1245,"city":{"id":7778677,"name":"Dublin City","coord":{"lon":-6.24922,"lat":53.355122},"country":"IE","population":0},"cnt":37,"list":[{"dt":1476781200,"main":{"temp":10.97,"temp_min":10.97,"temp_max":10.97,"pressure":1029.24,"sea_level":1034.08,"grnd_level":1029.24,"humidity":100,"temp_kf":0},"weather":[{"id":800,"main":"Clear","description":"sky is clear","icon":"01d"}],"clouds":{"all":0},"wind":{"speed":10.59,"deg":280.004},"rain":{"3h":0},"sys":{"pod":"d"},"dt_txt":"2016-10-18 09:00:00"},{"dt":1476792000,"main":{"temp":12.32,"temp_min":12.32,"temp_max":12.32,"pressure":1030.42,"sea_level":1035.17,"grnd_level":1030.42,"humidity":100,"temp_kf":0},"weather":[{"id":800,"main":"Clear","description":"sky is clear","icon":"01d"}],"clouds":{"all":0},"wind":{"speed":10.61,"deg":285.501},"rain":{"3h":0},"sys":{"pod":"d"},"dt_txt":"2016-10-18 12:00:00"},{"dt":1476802800,"main":{"temp":12.78,"temp_min":12.78,"temp_max":12.78,"pressure":1030.88,"sea_level":1035.63,"grnd_level":1030.88,"humidity":100,"temp_kf":0},"weather":[{"id":802,"main":"Clouds","description":"scattered clouds","icon":"03d"}],"clouds":{"all":32},"wind":{"speed":10.22,"deg":293.002},"rain":{"3h":0},"sys":{"pod":"d"},"dt_txt":"2016-10-18 15:00:00"},{"dt":1476813600,"main":{"temp":11.9,"temp_min":11.9,"temp_max":11.9,"pressure":1032.16,"sea_level":1036.9,"grnd_level":1032.16,"humidity":100,"temp_kf":0},"weather":[{"id":802,"main":"Clouds","description":"scattered clouds","icon":"03n"}],"clouds":{"all":44},"wind":{"speed":9.56,"deg":300.501},"rain":{"3h":0},"sys":{"pod":"n"},"dt_txt":"2016-10-18 18:00:00"},{"dt":1476824400,"main":{"temp":11.28,"temp_min":11.28,"temp_max":11.28,"pressure":1033.39,"sea_level":1038.2,"grnd_level":1033.39,"humidity":100,"temp_kf":0},"weather":[{"id":801,"main":"Clouds","description":"few clouds","icon":"02n"}],"clouds":{"all":20},"wind":{"speed":8.6,"deg":300.503},"rain":{"3h":0},"sys":{"pod":"n"},"dt_txt":"2016-10-18 21:00:00"},{"dt":1476835200,"main":{"temp":10.81,"temp_min":10.81,"temp_max":10.81,"pressure":1034.03,"sea_level":1038.88,"grnd_level":1034.03,"humidity":100},"weather":[{"id":800,"main":"Clear","description":"sky is clear","icon":"02n"}],"clouds":{"all":8},"wind":{"speed":8.32,"deg":302.506},"rain":{"3h":0},"sys":{"pod":"n"},"dt_txt":"2016-10-19 00:00:00"},{"dt":1476846000,"main":{"temp":10.5,"temp_min":10.5,"temp_max":10.5,"pressure":1034.15,"sea_level":1038.98,"grnd_level":1034.15,"humidity":100},"weather":[{"id":800,"main":"Clear","description":"sky is clear","icon":"02n"}],"clouds":{"all":8},"wind":{"speed":7.85,"deg":310},"rain":{"3h":0},"sys":{"pod":"n"},"dt_txt":"2016-10-19 03:00:00"},{"dt":1476856800,"main":{"temp":10.01,"temp_min":10.01,"temp_max":10.01,"pressure":1034.71,"sea_level":1039.57,"grnd_level":1034.71,"humidity":100},"weather":[{"id":801,"main":"Clouds","description":"few clouds","icon":"02n"}],"clouds":{"all":12},"wind":{"speed":7.02,"deg":311.002},"rain":{"3h":0},"sys":{"pod":"n"},"dt_txt":"2016-10-19 06:00:00"},{"dt":1476867600,"main":{"temp":10.39,"temp_min":10.39,"temp_max":10.39,"pressure":1035.73,"sea_level":1040.62,"grnd_level":1035.73,"humidity":100},"weather":[{"id":801,"main":"Clouds","description":"few clouds","icon":"02d"}],"clouds":{"all":24},"wind":{"speed":6.83,"deg":312.503},"rain":{"3h":0},"sys":{"pod":"d"},"dt_txt":"2016-10-19 09:00:00"},{"dt":1476878400,"main":{"temp":12.03,"temp_min":12.03,"temp_max":12.03,"pressure":1035.92,"sea_level":1040.63,"grnd_level":1035.92,"humidity":100},"weather":[{"id":800,"main":"Clear","description":"sky is clear","icon":"01d"}],"clouds":{"all":0},"wind":{"speed":5.71,"deg":324.504},"rain":{"3h":0},"sys":{"pod":"d"},"dt_txt":"2016-10-19 12:00:00"},{"dt":1476889200,"main":{"temp":12.65,"temp_min":12.65,"temp_max":12.65,"pressure":1035.34,"sea_level":1040.06,"grnd_level":1035.34,"humidity":100},"weather":[{"id":801,"main":"Clouds","description":"few clouds","icon":"02d"}],"clouds":{"all":12},"wind":{"speed":4.91,"deg":334.5},"rain":{"3h":0},"sys":{"pod":"d"},"dt_txt":"2016-10-19 15:00:00"},{"dt":1476900000,"main":{"temp":12.56,"temp_min":12.56,"temp_max":12.56,"pressure":1035.64,"sea_level":1040.41,"grnd_level":1035.64,"humidity":100},"weather":[{"id":802,"main":"Clouds","description":"scattered clouds","icon":"03n"}],"clouds":{"all":44},"wind":{"speed":4.66,"deg":340.502},"rain":{"3h":0},"sys":{"pod":"n"},"dt_txt":"2016-10-19 18:00:00"},{"dt":1476910800,"main":{"temp":12.02,"temp_min":12.02,"temp_max":12.02,"pressure":1035.94,"sea_level":1040.8,"grnd_level":1035.94,"humidity":100},"weather":[{"id":804,"main":"Clouds","description":"overcast clouds","icon":"04n"}],"clouds":{"all":88},"wind":{"speed":3.96,"deg":349.004},"rain":{"3h":0},"sys":{"pod":"n"},"dt_txt":"2016-10-19 21:00:00"},{"dt":1476921600,"main":{"temp":11.36,"temp_min":11.36,"temp_max":11.36,"pressure":1035.92,"sea_level":1040.76,"grnd_level":1035.92,"humidity":100},"weather":[{"id":803,"main":"Clouds","description":"broken clouds","icon":"04n"}],"clouds":{"all":64},"wind":{"speed":2.76,"deg":347},"rain":{"3h":0},"sys":{"pod":"n"},"dt_txt":"2016-10-20 00:00:00"},{"dt":1476932400,"main":{"temp":10.96,"temp_min":10.96,"temp_max":10.96,"pressure":1035.35,"sea_level":1040.17,"grnd_level":1035.35,"humidity":100},"weather":[{"id":803,"main":"Clouds","description":"broken clouds","icon":"04n"}],"clouds":{"all":80},"wind":{"speed":2.66,"deg":324.001},"rain":{"3h":0},"sys":{"pod":"n"},"dt_txt":"2016-10-20 03:00:00"},{"dt":1476943200,"main":{"temp":10.28,"temp_min":10.28,"temp_max":10.28,"pressure":1035.3,"sea_level":1040.21,"grnd_level":1035.3,"humidity":100},"weather":[{"id":802,"main":"Clouds","description":"scattered clouds","icon":"03n"}],"clouds":{"all":32},"wind":{"speed":2.87,"deg":325.001},"rain":{"3h":0},"sys":{"pod":"n"},"dt_txt":"2016-10-20 06:00:00"},{"dt":1476954000,"main":{"temp":10.51,"temp_min":10.51,"temp_max":10.51,"pressure":1035.72,"sea_level":1040.52,"grnd_level":1035.72,"humidity":100},"weather":[{"id":800,"main":"Clear","description":"sky is clear","icon":"02d"}],"clouds":{"all":8},"wind":{"speed":2.52,"deg":325.502},"rain":{"3h":0},"sys":{"pod":"d"},"dt_txt":"2016-10-20 09:00:00"},{"dt":1476964800,"main":{"temp":11.61,"temp_min":11.61,"temp_max":11.61,"pressure":1035.51,"sea_level":1040.21,"grnd_level":1035.51,"humidity":100},"weather":[{"id":800,"main":"Clear","description":"sky is clear","icon":"01d"}],"clouds":{"all":0},"wind":{"speed":1.98,"deg":346.5},"rain":{"3h":0},"sys":{"pod":"d"},"dt_txt":"2016-10-20 12:00:00"},{"dt":1476975600,"main":{"temp":11.92,"temp_min":11.92,"temp_max":11.92,"pressure":1034.13,"sea_level":1038.89,"grnd_level":1034.13,"humidity":100},"weather":[{"id":800,"main":"Clear","description":"sky is clear","icon":"01d"}],"clouds":{"all":0},"wind":{"speed":1.27,"deg":80.5002},"rain":{"3h":0},"sys":{"pod":"d"},"dt_txt":"2016-10-20 15:00:00"},{"dt":1476986400,"main":{"temp":11.73,"temp_min":11.73,"temp_max":11.73,"pressure":1033.71,"sea_level":1038.46,"grnd_level":1033.71,"humidity":100},"weather":[{"id":801,"main":"Clouds","description":"few clouds","icon":"02n"}],"clouds":{"all":20},"wind":{"speed":2.02,"deg":120.001},"rain":{"3h":0},"sys":{"pod":"n"},"dt_txt":"2016-10-20 18:00:00"},{"dt":1476997200,"main":{"temp":11.56,"temp_min":11.56,"temp_max":11.56,"pressure":1033.46,"sea_level":1038.25,"grnd_level":1033.46,"humidity":100},"weather":[{"id":801,"main":"Clouds","description":"few clouds","icon":"02n"}],"clouds":{"all":20},"wind":{"speed":2.07,"deg":143.502},"rain":{"3h":0},"sys":{"pod":"n"},"dt_txt":"2016-10-20 21:00:00"},{"dt":1477008000,"main":{"temp":11.1,"temp_min":11.1,"temp_max":11.1,"pressure":1032.62,"sea_level":1037.49,"grnd_level":1032.62,"humidity":100},"weather":[{"id":803,"main":"Clouds","description":"broken clouds","icon":"04n"}],"clouds":{"all":76},"wind":{"speed":1.61,"deg":161.003},"rain":{"3h":0},"sys":{"pod":"n"},"dt_txt":"2016-10-21 00:00:00"},{"dt":1477018800,"main":{"temp":10.79,"temp_min":10.79,"temp_max":10.79,"pressure":1031.36,"sea_level":1036.15,"grnd_level":1031.36,"humidity":100},"weather":[{"id":500,"main":"Rain","description":"light rain","icon":"10n"}],"clouds":{"all":80},"wind":{"speed":1.86,"deg":154.006},"rain":{"3h":0.01},"sys":{"pod":"n"},"dt_txt":"2016-10-21 03:00:00"},{"dt":1477029600,"main":{"temp":10.76,"temp_min":10.76,"temp_max":10.76,"pressure":1030.18,"sea_level":1035.01,"grnd_level":1030.18,"humidity":100},"weather":[{"id":500,"main":"Rain","description":"light rain","icon":"10n"}],"clouds":{"all":92},"wind":{"speed":2.35,"deg":139.504},"rain":{"3h":0.03},"sys":{"pod":"n"},"dt_txt":"2016-10-21 06:00:00"},{"dt":1477040400,"main":{"temp":11.54,"temp_min":11.54,"temp_max":11.54,"pressure":1029.83,"sea_level":1034.66,"grnd_level":1029.83,"humidity":100},"weather":[{"id":500,"main":"Rain","description":"light rain","icon":"10d"}],"clouds":{"all":88},"wind":{"speed":2.9,"deg":136.002},"rain":{"3h":0.01},"sys":{"pod":"d"},"dt_txt":"2016-10-21 09:00:00"},{"dt":1477051200,"main":{"temp":12.2,"temp_min":12.2,"temp_max":12.2,"pressure":1029.04,"sea_level":1033.74,"grnd_level":1029.04,"humidity":100},"weather":[{"id":500,"main":"Rain","description":"light rain","icon":"10d"}],"clouds":{"all":80},"wind":{"speed":4.68,"deg":150.5},"rain":{"3h":0.02},"sys":{"pod":"d"},"dt_txt":"2016-10-21 12:00:00"},{"dt":1477062000,"main":{"temp":12.41,"temp_min":12.41,"temp_max":12.41,"pressure":1027.6,"sea_level":1032.29,"grnd_level":1027.6,"humidity":100},"weather":[{"id":803,"main":"Clouds","description":"broken clouds","icon":"04d"}],"clouds":{"all":76},"wind":{"speed":5.1,"deg":152.003},"rain":{"3h":0},"sys":{"pod":"d"},"dt_txt":"2016-10-21 15:00:00"},{"dt":1477072800,"main":{"temp":12.17,"temp_min":12.17,"temp_max":12.17,"pressure":1026.91,"sea_level":1031.69,"grnd_level":1026.91,"humidity":100},"weather":[{"id":803,"main":"Clouds","description":"broken clouds","icon":"04n"}],"clouds":{"all":64},"wind":{"speed":5.58,"deg":141.002},"rain":{"3h":0},"sys":{"pod":"n"},"dt_txt":"2016-10-21 18:00:00"},{"dt":1477083600,"main":{"temp":12.24,"temp_min":12.24,"temp_max":12.24,"pressure":1026.41,"sea_level":1031.14,"grnd_level":1026.41,"humidity":100},"weather":[{"id":500,"main":"Rain","description":"light rain","icon":"10n"}],"clouds":{"all":44},"wind":{"speed":5.76,"deg":127.004},"rain":{"3h":0.01},"sys":{"pod":"n"},"dt_txt":"2016-10-21 21:00:00"},{"dt":1477094400,"main":{"temp":12.16,"temp_min":12.16,"temp_max":12.16,"pressure":1024.97,"sea_level":1029.8,"grnd_level":1024.97,"humidity":100},"weather":[{"id":803,"main":"Clouds","description":"broken clouds","icon":"04n"}],"clouds":{"all":68},"wind":{"speed":7.11,"deg":125.001},"rain":{"3h":0},"sys":{"pod":"n"},"dt_txt":"2016-10-22 00:00:00"},{"dt":1477105200,"main":{"temp":12.19,"temp_min":12.19,"temp_max":12.19,"pressure":1023.4,"sea_level":1028.15,"grnd_level":1023.4,"humidity":100},"weather":[{"id":500,"main":"Rain","description":"light rain","icon":"10n"}],"clouds":{"all":92},"wind":{"speed":8.36,"deg":127.002},"rain":{"3h":0.05},"sys":{"pod":"n"},"dt_txt":"2016-10-22 03:00:00"},{"dt":1477116000,"main":{"temp":11.78,"temp_min":11.78,"temp_max":11.78,"pressure":1022.55,"sea_level":1027.26,"grnd_level":1022.55,"humidity":100},"weather":[{"id":500,"main":"Rain","description":"light rain","icon":"10n"}],"clouds":{"all":48},"wind":{"speed":9.06,"deg":117.001},"rain":{"3h":0.01},"sys":{"pod":"n"},"dt_txt":"2016-10-22 06:00:00"},{"dt":1477126800,"main":{"temp":11.51,"temp_min":11.51,"temp_max":11.51,"pressure":1022.15,"sea_level":1026.87,"grnd_level":1022.15,"humidity":100},"weather":[{"id":803,"main":"Clouds","description":"broken clouds","icon":"04d"}],"clouds":{"all":68},"wind":{"speed":9.71,"deg":113.501},"rain":{"3h":0},"sys":{"pod":"d"},"dt_txt":"2016-10-22 09:00:00"},{"dt":1477137600,"main":{"temp":12.33,"temp_min":12.33,"temp_max":12.33,"pressure":1021.06,"sea_level":1025.81,"grnd_level":1021.06,"humidity":100},"weather":[{"id":500,"main":"Rain","description":"light rain","icon":"10d"}],"clouds":{"all":92},"wind":{"speed":9.81,"deg":110.501},"rain":{"3h":0.01},"sys":{"pod":"d"},"dt_txt":"2016-10-22 12:00:00"},{"dt":1477148400,"main":{"temp":12.88,"temp_min":12.88,"temp_max":12.88,"pressure":1019.73,"sea_level":1024.47,"grnd_level":1019.73,"humidity":100},"weather":[{"id":803,"main":"Clouds","description":"broken clouds","icon":"04d"}],"clouds":{"all":56},"wind":{"speed":9.37,"deg":107.502},"rain":{"3h":0},"sys":{"pod":"d"},"dt_txt":"2016-10-22 15:00:00"},{"dt":1477159200,"main":{"temp":13.13,"temp_min":13.13,"temp_max":13.13,"pressure":1019.12,"sea_level":1023.86,"grnd_level":1019.12,"humidity":100},"weather":[{"id":803,"main":"Clouds","description":"broken clouds","icon":"04n"}],"clouds":{"all":68},"wind":{"speed":9.97,"deg":103.502},"rain":{"3h":0},"sys":{"pod":"n"},"dt_txt":"2016-10-22 18:00:00"},{"dt":1477170000,"main":{"temp":13.17,"temp_min":13.17,"temp_max":13.17,"pressure":1018.88,"sea_level":1023.55,"grnd_level":1018.88,"humidity":100},"weather":[{"id":803,"main":"Clouds","description":"broken clouds","icon":"04n"}],"clouds":{"all":64},"wind":{"speed":11.11,"deg":107.005},"rain":{"3h":0},"sys":{"pod":"n"},"dt_txt":"2016-10-22 21:00:00"}]}